id,y
5000,0.5
5001,0.5
5002,0.5
5003,0.5
5004,0.5
5005,0.5
5006,0.5
5007,0.5
5008,0.5
5009,0.5
5010,0.5
5011,0.5
5012,0.5
5013,0.5
5014,0.5
5015,0.5
5016,0.5
5017,0.5
5018,0.5
5019,0.5
5020,0.5
5021,0.5
5022,0.5
5023,0.5
5024,0.5
5025,0.5
5026,0.5
5027,0.5
5028,0.5
5029,0.5
5030,0.5
5031,0.5
5032,0.5
5033,0.5
5034,0.5
5035,0.5
5036,0.5
5037,0.5
5038,0.5
5039,0.5
5040,0.5
5041,0.5
5042,0.5
5043,0.5
5044,0.5
5045,0.5
5046,0.5
5047,0.5
5048,0.5
5049,0.5
5050,0.5
5051,0.5
5052,0.5
5053,0.5
5054,0.5
5055,0.5
5056,0.5
5057,0.5
5058,0.5
5059,0.5
5060,0.5
5061,0.5
5062,0.5
5063,0.5
5064,0.5
5065,0.5
5066,0.5
5067,0.5
5068,0.5
5069,0.5
5070,0.5
5071,0.5
5072,0.5
5073,0.5
5074,0.5
5075,0.5
5076,0.5
5077,0.5
5078,0.5
5079,0.5
5080,0.5
5081,0.5
5082,0.5
5083,0.5
5084,0.5
5085,0.5
5086,0.5
5087,0.5
5088,0.5
5089,0.5
5090,0.5
5091,0.5
5092,0.5
5093,0.5
5094,0.5
5095,0.5
5096,0.5
5097,0.5
5098,0.5
5099,0.5
5100,0.5
5101,0.5
5102,0.5
5103,0.5
5104,0.5
5105,0.5
5106,0.5
5107,0.5
5108,0.5
5109,0.5
5110,0.5
5111,0.5
5112,0.5
5113,0.5
5114,0.5
5115,0.5
5116,0.5
5117,0.5
5118,0.5
5119,0.5
5120,0.5
5121,0.5
5122,0.5
5123,0.5
5124,0.5
5125,0.5
5126,0.5
5127,0.5
5128,0.5
5129,0.5
5130,0.5
5131,0.5
5132,0.5
5133,0.5
5134,0.5
5135,0.5
5136,0.5
5137,0.5
5138,0.5
5139,0.5
5140,0.5
5141,0.5
5142,0.5
5143,0.5
5144,0.5
5145,0.5
5146,0.5
5147,0.5
5148,0.5
5149,0.5
5150,0.5
5151,0.5
5152,0.5
5153,0.5
5154,0.5
5155,0.5
5156,0.5
5157,0.5
5158,0.5
5159,0.5
5160,0.5
5161,0.5
5162,0.5
5163,0.5
5164,0.5
5165,0.5
5166,0.5
5167,0.5
5168,0.5
5169,0.5
5170,0.5
5171,0.5
5172,0.5
5173,0.5
5174,0.5
5175,0.5
5176,0.5
5177,0.5
5178,0.5
5179,0.5
5180,0.5
5181,0.5
5182,0.5
5183,0.5
5184,0.5
5185,0.5
5186,0.5
5187,0.5
5188,0.5
5189,0.5
5190,0.5
5191,0.5
5192,0.5
5193,0.5
5194,0.5
5195,0.5
5196,0.5
5197,0.5
5198,0.5
5199,0.5
5200,0.5
5201,0.5
5202,0.5
5203,0.5
5204,0.5
5205,0.5
5206,0.5
5207,0.5
5208,0.5
5209,0.5
5210,0.5
5211,0.5
5212,0.5
5213,0.5
5214,0.5
5215,0.5
5216,0.5
5217,0.5
5218,0.5
5219,0.5
5220,0.5
5221,0.5
5222,0.5
5223,0.5
5224,0.5
5225,0.5
5226,0.5
5227,0.5
5228,0.5
5229,0.5
5230,0.5
5231,0.5
5232,0.5
5233,0.5
5234,0.5
5235,0.5
5236,0.5
5237,0.5
5238,0.5
5239,0.5
5240,0.5
5241,0.5
5242,0.5
5243,0.5
5244,0.5
5245,0.5
5246,0.5
5247,0.5
5248,0.5
5249,0.5
5250,0.5
5251,0.5
5252,0.5
5253,0.5
5254,0.5
5255,0.5
5256,0.5
5257,0.5
5258,0.5
5259,0.5
5260,0.5
5261,0.5
5262,0.5
5263,0.5
5264,0.5
5265,0.5
5266,0.5
5267,0.5
5268,0.5
5269,0.5
5270,0.5
5271,0.5
5272,0.5
5273,0.5
5274,0.5
5275,0.5
5276,0.5
5277,0.5
5278,0.5
5279,0.5
5280,0.5
5281,0.5
5282,0.5
5283,0.5
5284,0.5
5285,0.5
5286,0.5
5287,0.5
5288,0.5
5289,0.5
5290,0.5
5291,0.5
5292,0.5
5293,0.5
5294,0.5
5295,0.5
5296,0.5
5297,0.5
5298,0.5
5299,0.5
5300,0.5
5301,0.5
5302,0.5
5303,0.5
5304,0.5
5305,0.5
5306,0.5
5307,0.5
5308,0.5
5309,0.5
5310,0.5
5311,0.5
5312,0.5
5313,0.5
5314,0.5
5315,0.5
5316,0.5
5317,0.5
5318,0.5
5319,0.5
5320,0.5
5321,0.5
5322,0.5
5323,0.5
5324,0.5
5325,0.5
5326,0.5
5327,0.5
5328,0.5
5329,0.5
5330,0.5
5331,0.5
5332,0.5
5333,0.5
5334,0.5
5335,0.5
5336,0.5
5337,0.5
5338,0.5
5339,0.5
5340,0.5
5341,0.5
5342,0.5
5343,0.5
5344,0.5
5345,0.5
5346,0.5
5347,0.5
5348,0.5
5349,0.5
5350,0.5
5351,0.5
5352,0.5
5353,0.5
5354,0.5
5355,0.5
5356,0.5
5357,0.5
5358,0.5
5359,0.5
5360,0.5
5361,0.5
5362,0.5
5363,0.5
5364,0.5
5365,0.5
5366,0.5
5367,0.5
5368,0.5
5369,0.5
5370,0.5
5371,0.5
5372,0.5
5373,0.5
5374,0.5
5375,0.5
5376,0.5
5377,0.5
5378,0.5
5379,0.5
5380,0.5
5381,0.5
5382,0.5
5383,0.5
5384,0.5
5385,0.5
5386,0.5
5387,0.5
5388,0.5
5389,0.5
5390,0.5
5391,0.5
5392,0.5
5393,0.5
5394,0.5
5395,0.5
5396,0.5
5397,0.5
5398,0.5
5399,0.5
5400,0.5
5401,0.5
5402,0.5
5403,0.5
5404,0.5
5405,0.5
5406,0.5
5407,0.5
5408,0.5
5409,0.5
5410,0.5
5411,0.5
5412,0.5
5413,0.5
5414,0.5
5415,0.5
5416,0.5
5417,0.5
5418,0.5
5419,0.5
5420,0.5
5421,0.5
5422,0.5
5423,0.5
5424,0.5
5425,0.5
5426,0.5
5427,0.5
5428,0.5
5429,0.5
5430,0.5
5431,0.5
5432,0.5
5433,0.5
5434,0.5
5435,0.5
5436,0.5
5437,0.5
5438,0.5
5439,0.5
5440,0.5
5441,0.5
5442,0.5
5443,0.5
5444,0.5
5445,0.5
5446,0.5
5447,0.5
5448,0.5
5449,0.5
5450,0.5
5451,0.5
5452,0.5
5453,0.5
5454,0.5
5455,0.5
5456,0.5
5457,0.5
5458,0.5
5459,0.5
5460,0.5
5461,0.5
5462,0.5
5463,0.5
5464,0.5
5465,0.5
5466,0.5
5467,0.5
5468,0.5
5469,0.5
5470,0.5
5471,0.5
5472,0.5
5473,0.5
5474,0.5
5475,0.5
5476,0.5
5477,0.5
5478,0.5
5479,0.5
5480,0.5
5481,0.5
5482,0.5
5483,0.5
5484,0.5
5485,0.5
5486,0.5
5487,0.5
5488,0.5
5489,0.5
5490,0.5
5491,0.5
5492,0.5
5493,0.5
5494,0.5
5495,0.5
5496,0.5
5497,0.5
5498,0.5
5499,0.5
5500,0.5
5501,0.5
5502,0.5
5503,0.5
5504,0.5
5505,0.5
5506,0.5
5507,0.5
5508,0.5
5509,0.5
5510,0.5
5511,0.5
5512,0.5
5513,0.5
5514,0.5
5515,0.5
5516,0.5
5517,0.5
5518,0.5
5519,0.5
5520,0.5
5521,0.5
5522,0.5
5523,0.5
5524,0.5
5525,0.5
5526,0.5
5527,0.5
5528,0.5
5529,0.5
5530,0.5
5531,0.5
5532,0.5
5533,0.5
5534,0.5
5535,0.5
5536,0.5
5537,0.5
5538,0.5
5539,0.5
5540,0.5
5541,0.5
5542,0.5
5543,0.5
5544,0.5
5545,0.5
5546,0.5
5547,0.5
5548,0.5
5549,0.5
5550,0.5
5551,0.5
5552,0.5
5553,0.5
5554,0.5
5555,0.5
5556,0.5
5557,0.5
5558,0.5
5559,0.5
5560,0.5
5561,0.5
5562,0.5
5563,0.5
5564,0.5
5565,0.5
5566,0.5
5567,0.5
5568,0.5
5569,0.5
5570,0.5
5571,0.5
5572,0.5
5573,0.5
5574,0.5
5575,0.5
5576,0.5
5577,0.5
5578,0.5
5579,0.5
5580,0.5
5581,0.5
5582,0.5
5583,0.5
5584,0.5
5585,0.5
5586,0.5
5587,0.5
5588,0.5
5589,0.5
5590,0.5
5591,0.5
5592,0.5
5593,0.5
5594,0.5
5595,0.5
5596,0.5
5597,0.5
5598,0.5
5599,0.5
5600,0.5
5601,0.5
5602,0.5
5603,0.5
5604,0.5
5605,0.5
5606,0.5
5607,0.5
5608,0.5
5609,0.5
5610,0.5
5611,0.5
5612,0.5
5613,0.5
5614,0.5
5615,0.5
5616,0.5
5617,0.5
5618,0.5
5619,0.5
5620,0.5
5621,0.5
5622,0.5
5623,0.5
5624,0.5
5625,0.5
5626,0.5
5627,0.5
5628,0.5
5629,0.5
5630,0.5
5631,0.5
5632,0.5
5633,0.5
5634,0.5
5635,0.5
5636,0.5
5637,0.5
5638,0.5
5639,0.5
5640,0.5
5641,0.5
5642,0.5
5643,0.5
5644,0.5
5645,0.5
5646,0.5
5647,0.5
5648,0.5
5649,0.5
5650,0.5
5651,0.5
5652,0.5
5653,0.5
5654,0.5
5655,0.5
5656,0.5
5657,0.5
5658,0.5
5659,0.5
5660,0.5
5661,0.5
5662,0.5
5663,0.5
5664,0.5
5665,0.5
5666,0.5
5667,0.5
5668,0.5
5669,0.5
5670,0.5
5671,0.5
5672,0.5
5673,0.5
5674,0.5
5675,0.5
5676,0.5
5677,0.5
5678,0.5
5679,0.5
5680,0.5
5681,0.5
5682,0.5
5683,0.5
5684,0.5
5685,0.5
5686,0.5
5687,0.5
5688,0.5
5689,0.5
5690,0.5
5691,0.5
5692,0.5
5693,0.5
5694,0.5
5695,0.5
5696,0.5
5697,0.5
5698,0.5
5699,0.5
5700,0.5
5701,0.5
5702,0.5
5703,0.5
5704,0.5
5705,0.5
5706,0.5
5707,0.5
5708,0.5
5709,0.5
5710,0.5
5711,0.5
5712,0.5
5713,0.5
5714,0.5
5715,0.5
5716,0.5
5717,0.5
5718,0.5
5719,0.5
5720,0.5
5721,0.5
5722,0.5
5723,0.5
5724,0.5
5725,0.5
5726,0.5
5727,0.5
5728,0.5
5729,0.5
5730,0.5
5731,0.5
5732,0.5
5733,0.5
5734,0.5
5735,0.5
5736,0.5
5737,0.5
5738,0.5
5739,0.5
5740,0.5
5741,0.5
5742,0.5
5743,0.5
5744,0.5
5745,0.5
5746,0.5
5747,0.5
5748,0.5
5749,0.5
5750,0.5
5751,0.5
5752,0.5
5753,0.5
5754,0.5
5755,0.5
5756,0.5
5757,0.5
5758,0.5
5759,0.5
5760,0.5
5761,0.5
5762,0.5
5763,0.5
5764,0.5
5765,0.5
5766,0.5
5767,0.5
5768,0.5
5769,0.5
5770,0.5
5771,0.5
5772,0.5
5773,0.5
5774,0.5
5775,0.5
5776,0.5
5777,0.5
5778,0.5
5779,0.5
5780,0.5
5781,0.5
5782,0.5
5783,0.5
5784,0.5
5785,0.5
5786,0.5
5787,0.5
5788,0.5
5789,0.5
5790,0.5
5791,0.5
5792,0.5
5793,0.5
5794,0.5
5795,0.5
5796,0.5
5797,0.5
5798,0.5
5799,0.5
5800,0.5
5801,0.5
5802,0.5
5803,0.5
5804,0.5
5805,0.5
5806,0.5
5807,0.5
5808,0.5
5809,0.5
5810,0.5
5811,0.5
5812,0.5
5813,0.5
5814,0.5
5815,0.5
5816,0.5
5817,0.5
5818,0.5
5819,0.5
5820,0.5
5821,0.5
5822,0.5
5823,0.5
5824,0.5
5825,0.5
5826,0.5
5827,0.5
5828,0.5
5829,0.5
5830,0.5
5831,0.5
5832,0.5
5833,0.5
5834,0.5
5835,0.5
5836,0.5
5837,0.5
5838,0.5
5839,0.5
5840,0.5
5841,0.5
5842,0.5
5843,0.5
5844,0.5
5845,0.5
5846,0.5
5847,0.5
5848,0.5
5849,0.5
5850,0.5
5851,0.5
5852,0.5
5853,0.5
5854,0.5
5855,0.5
5856,0.5
5857,0.5
5858,0.5
5859,0.5
5860,0.5
5861,0.5
5862,0.5
5863,0.5
5864,0.5
5865,0.5
5866,0.5
5867,0.5
5868,0.5
5869,0.5
5870,0.5
5871,0.5
5872,0.5
5873,0.5
5874,0.5
5875,0.5
5876,0.5
5877,0.5
5878,0.5
5879,0.5
5880,0.5
5881,0.5
5882,0.5
5883,0.5
5884,0.5
5885,0.5
5886,0.5
5887,0.5
5888,0.5
5889,0.5
5890,0.5
5891,0.5
5892,0.5
5893,0.5
5894,0.5
5895,0.5
5896,0.5
5897,0.5
5898,0.5
5899,0.5
5900,0.5
5901,0.5
5902,0.5
5903,0.5
5904,0.5
5905,0.5
5906,0.5
5907,0.5
5908,0.5
5909,0.5
5910,0.5
5911,0.5
5912,0.5
5913,0.5
5914,0.5
5915,0.5
5916,0.5
5917,0.5
5918,0.5
5919,0.5
5920,0.5
5921,0.5
5922,0.5
5923,0.5
5924,0.5
5925,0.5
5926,0.5
5927,0.5
5928,0.5
5929,0.5
5930,0.5
5931,0.5
5932,0.5
5933,0.5
5934,0.5
5935,0.5
5936,0.5
5937,0.5
5938,0.5
5939,0.5
5940,0.5
5941,0.5
5942,0.5
5943,0.5
5944,0.5
5945,0.5
5946,0.5
5947,0.5
5948,0.5
5949,0.5
5950,0.5
5951,0.5
5952,0.5
5953,0.5
5954,0.5
5955,0.5
5956,0.5
5957,0.5
5958,0.5
5959,0.5
5960,0.5
5961,0.5
5962,0.5
5963,0.5
5964,0.5
5965,0.5
5966,0.5
5967,0.5
5968,0.5
5969,0.5
5970,0.5
5971,0.5
5972,0.5
5973,0.5
5974,0.5
5975,0.5
5976,0.5
5977,0.5
5978,0.5
5979,0.5
5980,0.5
5981,0.5
5982,0.5
5983,0.5
5984,0.5
5985,0.5
5986,0.5
5987,0.5
5988,0.5
5989,0.5
5990,0.5
5991,0.5
5992,0.5
5993,0.5
5994,0.5
5995,0.5
5996,0.5
5997,0.5
5998,0.5
5999,0.5
6000,0.5
6001,0.5
6002,0.5
6003,0.5
6004,0.5
6005,0.5
6006,0.5
6007,0.5
6008,0.5
6009,0.5
6010,0.5
6011,0.5
6012,0.5
6013,0.5
6014,0.5
6015,0.5
6016,0.5
6017,0.5
6018,0.5
6019,0.5
6020,0.5
6021,0.5
6022,0.5
6023,0.5
6024,0.5
6025,0.5
6026,0.5
6027,0.5
6028,0.5
6029,0.5
6030,0.5
6031,0.5
6032,0.5
6033,0.5
6034,0.5
6035,0.5
6036,0.5
6037,0.5
6038,0.5
6039,0.5
6040,0.5
6041,0.5
6042,0.5
6043,0.5
6044,0.5
6045,0.5
6046,0.5
6047,0.5
6048,0.5
6049,0.5
6050,0.5
6051,0.5
6052,0.5
6053,0.5
6054,0.5
6055,0.5
6056,0.5
6057,0.5
6058,0.5
6059,0.5
6060,0.5
6061,0.5
6062,0.5
6063,0.5
6064,0.5
6065,0.5
6066,0.5
6067,0.5
6068,0.5
6069,0.5
6070,0.5
6071,0.5
6072,0.5
6073,0.5
6074,0.5
6075,0.5
6076,0.5
6077,0.5
6078,0.5
6079,0.5
6080,0.5
6081,0.5
6082,0.5
6083,0.5
6084,0.5
6085,0.5
6086,0.5
6087,0.5
6088,0.5
6089,0.5
6090,0.5
6091,0.5
6092,0.5
6093,0.5
6094,0.5
6095,0.5
6096,0.5
6097,0.5
6098,0.5
6099,0.5
6100,0.5
6101,0.5
6102,0.5
6103,0.5
6104,0.5
6105,0.5
6106,0.5
6107,0.5
6108,0.5
6109,0.5
6110,0.5
6111,0.5
6112,0.5
6113,0.5
6114,0.5
6115,0.5
6116,0.5
6117,0.5
6118,0.5
6119,0.5
6120,0.5
6121,0.5
6122,0.5
6123,0.5
6124,0.5
6125,0.5
6126,0.5
6127,0.5
6128,0.5
6129,0.5
6130,0.5
6131,0.5
6132,0.5
6133,0.5
6134,0.5
6135,0.5
6136,0.5
6137,0.5
6138,0.5
6139,0.5
6140,0.5
6141,0.5
6142,0.5
6143,0.5
6144,0.5
6145,0.5
6146,0.5
6147,0.5
6148,0.5
6149,0.5
6150,0.5
6151,0.5
6152,0.5
6153,0.5
6154,0.5
6155,0.5
6156,0.5
6157,0.5
6158,0.5
6159,0.5
6160,0.5
6161,0.5
6162,0.5
6163,0.5
6164,0.5
6165,0.5
6166,0.5
6167,0.5
6168,0.5
6169,0.5
6170,0.5
6171,0.5
6172,0.5
6173,0.5
6174,0.5
6175,0.5
6176,0.5
6177,0.5
6178,0.5
6179,0.5
6180,0.5
6181,0.5
6182,0.5
6183,0.5
6184,0.5
6185,0.5
6186,0.5
6187,0.5
6188,0.5
6189,0.5
6190,0.5
6191,0.5
6192,0.5
6193,0.5
6194,0.5
6195,0.5
6196,0.5
6197,0.5
6198,0.5
6199,0.5
6200,0.5
6201,0.5
6202,0.5
6203,0.5
6204,0.5
6205,0.5
6206,0.5
6207,0.5
6208,0.5
6209,0.5
6210,0.5
6211,0.5
6212,0.5
6213,0.5
6214,0.5
6215,0.5
6216,0.5
6217,0.5
6218,0.5
6219,0.5
6220,0.5
6221,0.5
6222,0.5
6223,0.5
6224,0.5
6225,0.5
6226,0.5
6227,0.5
6228,0.5
6229,0.5
6230,0.5
6231,0.5
6232,0.5
6233,0.5
6234,0.5
6235,0.5
6236,0.5
6237,0.5
6238,0.5
6239,0.5
6240,0.5
6241,0.5
6242,0.5
6243,0.5
6244,0.5
6245,0.5
6246,0.5
6247,0.5
6248,0.5
6249,0.5
6250,0.5
6251,0.5
6252,0.5
6253,0.5
6254,0.5
6255,0.5
6256,0.5
6257,0.5
6258,0.5
6259,0.5
6260,0.5
6261,0.5
6262,0.5
6263,0.5
6264,0.5
6265,0.5
6266,0.5
6267,0.5
6268,0.5
6269,0.5
6270,0.5
6271,0.5
6272,0.5
6273,0.5
6274,0.5
6275,0.5
6276,0.5
6277,0.5
6278,0.5
6279,0.5
6280,0.5
6281,0.5
6282,0.5
6283,0.5
6284,0.5
6285,0.5
6286,0.5
6287,0.5
6288,0.5
6289,0.5
6290,0.5
6291,0.5
6292,0.5
6293,0.5
6294,0.5
6295,0.5
6296,0.5
6297,0.5
6298,0.5
6299,0.5
6300,0.5
6301,0.5
6302,0.5
6303,0.5
6304,0.5
6305,0.5
6306,0.5
6307,0.5
6308,0.5
6309,0.5
6310,0.5
6311,0.5
6312,0.5
6313,0.5
6314,0.5
6315,0.5
6316,0.5
6317,0.5
6318,0.5
6319,0.5
6320,0.5
6321,0.5
6322,0.5
6323,0.5
6324,0.5
6325,0.5
6326,0.5
6327,0.5
6328,0.5
6329,0.5
6330,0.5
6331,0.5
6332,0.5
6333,0.5
6334,0.5
6335,0.5
6336,0.5
6337,0.5
6338,0.5
6339,0.5
6340,0.5
6341,0.5
6342,0.5
6343,0.5
6344,0.5
6345,0.5
6346,0.5
6347,0.5
6348,0.5
6349,0.5
6350,0.5
6351,0.5
6352,0.5
6353,0.5
6354,0.5
6355,0.5
6356,0.5
6357,0.5
6358,0.5
6359,0.5
6360,0.5
6361,0.5
6362,0.5
6363,0.5
6364,0.5
6365,0.5
6366,0.5
6367,0.5
6368,0.5
6369,0.5
6370,0.5
6371,0.5
6372,0.5
6373,0.5
6374,0.5
6375,0.5
6376,0.5
6377,0.5
6378,0.5
6379,0.5
6380,0.5
6381,0.5
6382,0.5
6383,0.5
6384,0.5
6385,0.5
6386,0.5
6387,0.5
6388,0.5
6389,0.5
6390,0.5
6391,0.5
6392,0.5
6393,0.5
6394,0.5
6395,0.5
6396,0.5
6397,0.5
6398,0.5
6399,0.5
6400,0.5
6401,0.5
6402,0.5
6403,0.5
6404,0.5
6405,0.5
6406,0.5
6407,0.5
6408,0.5
6409,0.5
6410,0.5
6411,0.5
6412,0.5
6413,0.5
6414,0.5
6415,0.5
6416,0.5
6417,0.5
6418,0.5
6419,0.5
6420,0.5
6421,0.5
6422,0.5
6423,0.5
6424,0.5
6425,0.5
6426,0.5
6427,0.5
6428,0.5
6429,0.5
6430,0.5
6431,0.5
6432,0.5
6433,0.5
6434,0.5
6435,0.5
6436,0.5
6437,0.5
6438,0.5
6439,0.5
6440,0.5
6441,0.5
6442,0.5
6443,0.5
6444,0.5
6445,0.5
6446,0.5
6447,0.5
6448,0.5
6449,0.5
6450,0.5
6451,0.5
6452,0.5
6453,0.5
6454,0.5
6455,0.5
6456,0.5
6457,0.5
6458,0.5
6459,0.5
6460,0.5
6461,0.5
6462,0.5
6463,0.5
6464,0.5
6465,0.5
6466,0.5
6467,0.5
6468,0.5
6469,0.5
6470,0.5
6471,0.5
6472,0.5
6473,0.5
6474,0.5
6475,0.5
6476,0.5
6477,0.5
6478,0.5
6479,0.5
6480,0.5
6481,0.5
6482,0.5
6483,0.5
6484,0.5
6485,0.5
6486,0.5
6487,0.5
6488,0.5
6489,0.5
6490,0.5
6491,0.5
6492,0.5
6493,0.5
6494,0.5
6495,0.5
6496,0.5
6497,0.5
6498,0.5
6499,0.5
6500,0.5
6501,0.5
6502,0.5
6503,0.5
6504,0.5
6505,0.5
6506,0.5
6507,0.5
6508,0.5
6509,0.5
6510,0.5
6511,0.5
6512,0.5
6513,0.5
6514,0.5
6515,0.5
6516,0.5
6517,0.5
6518,0.5
6519,0.5
6520,0.5
6521,0.5
6522,0.5
6523,0.5
6524,0.5
6525,0.5
6526,0.5
6527,0.5
6528,0.5
6529,0.5
6530,0.5
6531,0.5
6532,0.5
6533,0.5
6534,0.5
6535,0.5
6536,0.5
6537,0.5
6538,0.5
6539,0.5
6540,0.5
6541,0.5
6542,0.5
6543,0.5
6544,0.5
6545,0.5
6546,0.5
6547,0.5
6548,0.5
6549,0.5
6550,0.5
6551,0.5
6552,0.5
6553,0.5
6554,0.5
6555,0.5
6556,0.5
6557,0.5
6558,0.5
6559,0.5
6560,0.5
6561,0.5
6562,0.5
6563,0.5
6564,0.5
6565,0.5
6566,0.5
6567,0.5
6568,0.5
6569,0.5
6570,0.5
6571,0.5
6572,0.5
6573,0.5
6574,0.5
6575,0.5
6576,0.5
6577,0.5
6578,0.5
6579,0.5
6580,0.5
6581,0.5
6582,0.5
6583,0.5
6584,0.5
6585,0.5
6586,0.5
6587,0.5
6588,0.5
6589,0.5
6590,0.5
6591,0.5
6592,0.5
6593,0.5
6594,0.5
6595,0.5
6596,0.5
6597,0.5
6598,0.5
6599,0.5
6600,0.5
6601,0.5
6602,0.5
6603,0.5
6604,0.5
6605,0.5
6606,0.5
6607,0.5
6608,0.5
6609,0.5
6610,0.5
6611,0.5
6612,0.5
6613,0.5
6614,0.5
6615,0.5
6616,0.5
6617,0.5
6618,0.5
6619,0.5
6620,0.5
6621,0.5
6622,0.5
6623,0.5
6624,0.5
6625,0.5
6626,0.5
6627,0.5
6628,0.5
6629,0.5
6630,0.5
6631,0.5
6632,0.5
6633,0.5
6634,0.5
6635,0.5
6636,0.5
6637,0.5
6638,0.5
6639,0.5
6640,0.5
6641,0.5
6642,0.5
6643,0.5
6644,0.5
6645,0.5
6646,0.5
6647,0.5
6648,0.5
6649,0.5
6650,0.5
6651,0.5
6652,0.5
6653,0.5
6654,0.5
6655,0.5
6656,0.5
6657,0.5
6658,0.5
6659,0.5
6660,0.5
6661,0.5
6662,0.5
6663,0.5
6664,0.5
6665,0.5
6666,0.5
6667,0.5
6668,0.5
6669,0.5
6670,0.5
6671,0.5
6672,0.5
6673,0.5
6674,0.5
6675,0.5
6676,0.5
6677,0.5
6678,0.5
6679,0.5
6680,0.5
6681,0.5
6682,0.5
6683,0.5
6684,0.5
6685,0.5
6686,0.5
6687,0.5
6688,0.5
6689,0.5
6690,0.5
6691,0.5
6692,0.5
6693,0.5
6694,0.5
6695,0.5
6696,0.5
6697,0.5
6698,0.5
6699,0.5
6700,0.5
6701,0.5
6702,0.5
6703,0.5
6704,0.5
6705,0.5
6706,0.5
6707,0.5
6708,0.5
6709,0.5
6710,0.5
6711,0.5
6712,0.5
6713,0.5
6714,0.5
6715,0.5
6716,0.5
6717,0.5
6718,0.5
6719,0.5
6720,0.5
6721,0.5
6722,0.5
6723,0.5
6724,0.5
6725,0.5
6726,0.5
6727,0.5
6728,0.5
6729,0.5
6730,0.5
6731,0.5
6732,0.5
6733,0.5
6734,0.5
6735,0.5
6736,0.5
6737,0.5
6738,0.5
6739,0.5
6740,0.5
6741,0.5
6742,0.5
6743,0.5
6744,0.5
6745,0.5
6746,0.5
6747,0.5
6748,0.5
6749,0.5
6750,0.5
6751,0.5
6752,0.5
6753,0.5
6754,0.5
6755,0.5
6756,0.5
6757,0.5
6758,0.5
6759,0.5
6760,0.5
6761,0.5
6762,0.5
6763,0.5
6764,0.5
6765,0.5
6766,0.5
6767,0.5
6768,0.5
6769,0.5
6770,0.5
6771,0.5
6772,0.5
6773,0.5
6774,0.5
6775,0.5
6776,0.5
6777,0.5
6778,0.5
6779,0.5
6780,0.5
6781,0.5
6782,0.5
6783,0.5
6784,0.5
6785,0.5
6786,0.5
6787,0.5
6788,0.5
6789,0.5
6790,0.5
6791,0.5
6792,0.5
6793,0.5
6794,0.5
6795,0.5
6796,0.5
6797,0.5
6798,0.5
6799,0.5
6800,0.5
6801,0.5
6802,0.5
6803,0.5
6804,0.5
6805,0.5
6806,0.5
6807,0.5
6808,0.5
6809,0.5
6810,0.5
6811,0.5
6812,0.5
6813,0.5
6814,0.5
6815,0.5
6816,0.5
6817,0.5
6818,0.5
6819,0.5
6820,0.5
6821,0.5
6822,0.5
6823,0.5
6824,0.5
6825,0.5
6826,0.5
6827,0.5
6828,0.5
6829,0.5
6830,0.5
6831,0.5
6832,0.5
6833,0.5
6834,0.5
6835,0.5
6836,0.5
6837,0.5
6838,0.5
6839,0.5
6840,0.5
6841,0.5
6842,0.5
6843,0.5
6844,0.5
6845,0.5
6846,0.5
6847,0.5
6848,0.5
6849,0.5
6850,0.5
6851,0.5
6852,0.5
6853,0.5
6854,0.5
6855,0.5
6856,0.5
6857,0.5
6858,0.5
6859,0.5
6860,0.5
6861,0.5
6862,0.5
6863,0.5
6864,0.5
6865,0.5
6866,0.5
6867,0.5
6868,0.5
6869,0.5
6870,0.5
6871,0.5
6872,0.5
6873,0.5
6874,0.5
6875,0.5
6876,0.5
6877,0.5
6878,0.5
6879,0.5
6880,0.5
6881,0.5
6882,0.5
6883,0.5
6884,0.5
6885,0.5
6886,0.5
6887,0.5
6888,0.5
6889,0.5
6890,0.5
6891,0.5
6892,0.5
6893,0.5
6894,0.5
6895,0.5
6896,0.5
6897,0.5
6898,0.5
6899,0.5
6900,0.5
6901,0.5
6902,0.5
6903,0.5
6904,0.5
6905,0.5
6906,0.5
6907,0.5
6908,0.5
6909,0.5
6910,0.5
6911,0.5
6912,0.5
6913,0.5
6914,0.5
6915,0.5
6916,0.5
6917,0.5
6918,0.5
6919,0.5
6920,0.5
6921,0.5
6922,0.5
6923,0.5
6924,0.5
6925,0.5
6926,0.5
6927,0.5
6928,0.5
6929,0.5
6930,0.5
6931,0.5
6932,0.5
6933,0.5
6934,0.5
6935,0.5
6936,0.5
6937,0.5
6938,0.5
6939,0.5
6940,0.5
6941,0.5
6942,0.5
6943,0.5
6944,0.5
6945,0.5
6946,0.5
6947,0.5
6948,0.5
6949,0.5
6950,0.5
6951,0.5
6952,0.5
6953,0.5
6954,0.5
6955,0.5
6956,0.5
6957,0.5
6958,0.5
6959,0.5
6960,0.5
6961,0.5
6962,0.5
6963,0.5
6964,0.5
6965,0.5
6966,0.5
6967,0.5
6968,0.5
6969,0.5
6970,0.5
6971,0.5
6972,0.5
6973,0.5
6974,0.5
6975,0.5
6976,0.5
6977,0.5
6978,0.5
6979,0.5
6980,0.5
6981,0.5
6982,0.5
6983,0.5
6984,0.5
6985,0.5
6986,0.5
6987,0.5
6988,0.5
6989,0.5
6990,0.5
6991,0.5
6992,0.5
6993,0.5
6994,0.5
6995,0.5
6996,0.5
6997,0.5
6998,0.5
6999,0.5
7000,0.5
7001,0.5
7002,0.5
7003,0.5
7004,0.5
7005,0.5
7006,0.5
7007,0.5
7008,0.5
7009,0.5
7010,0.5
7011,0.5
7012,0.5
7013,0.5
7014,0.5
7015,0.5
7016,0.5
7017,0.5
7018,0.5
7019,0.5
7020,0.5
7021,0.5
7022,0.5
7023,0.5
7024,0.5
7025,0.5
7026,0.5
7027,0.5
7028,0.5
7029,0.5
7030,0.5
7031,0.5
7032,0.5
7033,0.5
7034,0.5
7035,0.5
7036,0.5
7037,0.5
7038,0.5
7039,0.5
7040,0.5
7041,0.5
7042,0.5
7043,0.5
7044,0.5
7045,0.5
7046,0.5
7047,0.5
7048,0.5
7049,0.5
7050,0.5
7051,0.5
7052,0.5
7053,0.5
7054,0.5
7055,0.5
7056,0.5
7057,0.5
7058,0.5
7059,0.5
7060,0.5
7061,0.5
7062,0.5
7063,0.5
7064,0.5
7065,0.5
7066,0.5
7067,0.5
7068,0.5
7069,0.5
7070,0.5
7071,0.5
7072,0.5
7073,0.5
7074,0.5
7075,0.5
7076,0.5
7077,0.5
7078,0.5
7079,0.5
7080,0.5
7081,0.5
7082,0.5
7083,0.5
7084,0.5
7085,0.5
7086,0.5
7087,0.5
7088,0.5
7089,0.5
7090,0.5
7091,0.5
7092,0.5
7093,0.5
7094,0.5
7095,0.5
7096,0.5
7097,0.5
7098,0.5
7099,0.5
7100,0.5
7101,0.5
7102,0.5
7103,0.5
7104,0.5
7105,0.5
7106,0.5
7107,0.5
7108,0.5
7109,0.5
7110,0.5
7111,0.5
7112,0.5
7113,0.5
7114,0.5
7115,0.5
7116,0.5
7117,0.5
7118,0.5
7119,0.5
7120,0.5
7121,0.5
7122,0.5
7123,0.5
7124,0.5
7125,0.5
7126,0.5
7127,0.5
7128,0.5
7129,0.5
7130,0.5
7131,0.5
7132,0.5
7133,0.5
7134,0.5
7135,0.5
7136,0.5
7137,0.5
7138,0.5
7139,0.5
7140,0.5
7141,0.5
7142,0.5
7143,0.5
7144,0.5
7145,0.5
7146,0.5
7147,0.5
7148,0.5
7149,0.5
7150,0.5
7151,0.5
7152,0.5
7153,0.5
7154,0.5
7155,0.5
7156,0.5
7157,0.5
7158,0.5
7159,0.5
7160,0.5
7161,0.5
7162,0.5
7163,0.5
7164,0.5
7165,0.5
7166,0.5
7167,0.5
7168,0.5
7169,0.5
7170,0.5
7171,0.5
7172,0.5
7173,0.5
7174,0.5
7175,0.5
7176,0.5
7177,0.5
7178,0.5
7179,0.5
7180,0.5
7181,0.5
7182,0.5
7183,0.5
7184,0.5
7185,0.5
7186,0.5
7187,0.5
7188,0.5
7189,0.5
7190,0.5
7191,0.5
7192,0.5
7193,0.5
7194,0.5
7195,0.5
7196,0.5
7197,0.5
7198,0.5
7199,0.5
7200,0.5
7201,0.5
7202,0.5
7203,0.5
7204,0.5
7205,0.5
7206,0.5
7207,0.5
7208,0.5
7209,0.5
7210,0.5
7211,0.5
7212,0.5
7213,0.5
7214,0.5
7215,0.5
7216,0.5
7217,0.5
7218,0.5
7219,0.5
7220,0.5
7221,0.5
7222,0.5
7223,0.5
7224,0.5
7225,0.5
7226,0.5
7227,0.5
7228,0.5
7229,0.5
7230,0.5
7231,0.5
7232,0.5
7233,0.5
7234,0.5
7235,0.5
7236,0.5
7237,0.5
7238,0.5
7239,0.5
7240,0.5
7241,0.5
7242,0.5
7243,0.5
7244,0.5
7245,0.5
7246,0.5
7247,0.5
7248,0.5
7249,0.5
7250,0.5
7251,0.5
7252,0.5
7253,0.5
7254,0.5
7255,0.5
7256,0.5
7257,0.5
7258,0.5
7259,0.5
7260,0.5
7261,0.5
7262,0.5
7263,0.5
7264,0.5
7265,0.5
7266,0.5
7267,0.5
7268,0.5
7269,0.5
7270,0.5
7271,0.5
7272,0.5
7273,0.5
7274,0.5
7275,0.5
7276,0.5
7277,0.5
7278,0.5
7279,0.5
7280,0.5
7281,0.5
7282,0.5
7283,0.5
7284,0.5
7285,0.5
7286,0.5
7287,0.5
7288,0.5
7289,0.5
7290,0.5
7291,0.5
7292,0.5
7293,0.5
7294,0.5
7295,0.5
7296,0.5
7297,0.5
7298,0.5
7299,0.5
7300,0.5
7301,0.5
7302,0.5
7303,0.5
7304,0.5
7305,0.5
7306,0.5
7307,0.5
7308,0.5
7309,0.5
7310,0.5
7311,0.5
7312,0.5
7313,0.5
7314,0.5
7315,0.5
7316,0.5
7317,0.5
7318,0.5
7319,0.5
7320,0.5
7321,0.5
7322,0.5
7323,0.5
7324,0.5
7325,0.5
7326,0.5
7327,0.5
7328,0.5
7329,0.5
7330,0.5
7331,0.5
7332,0.5
7333,0.5
7334,0.5
7335,0.5
7336,0.5
7337,0.5
7338,0.5
7339,0.5
7340,0.5
7341,0.5
7342,0.5
7343,0.5
7344,0.5
7345,0.5
7346,0.5
7347,0.5
7348,0.5
7349,0.5
7350,0.5
7351,0.5
7352,0.5
7353,0.5
7354,0.5
7355,0.5
7356,0.5
7357,0.5
7358,0.5
7359,0.5
7360,0.5
7361,0.5
7362,0.5
7363,0.5
7364,0.5
7365,0.5
7366,0.5
7367,0.5
7368,0.5
7369,0.5
7370,0.5
7371,0.5
7372,0.5
7373,0.5
7374,0.5
7375,0.5
7376,0.5
7377,0.5
7378,0.5
7379,0.5
7380,0.5
7381,0.5
7382,0.5
7383,0.5
7384,0.5
7385,0.5
7386,0.5
7387,0.5
7388,0.5
7389,0.5
7390,0.5
7391,0.5
7392,0.5
7393,0.5
7394,0.5
7395,0.5
7396,0.5
7397,0.5
7398,0.5
7399,0.5
7400,0.5
7401,0.5
7402,0.5
7403,0.5
7404,0.5
7405,0.5
7406,0.5
7407,0.5
7408,0.5
7409,0.5
7410,0.5
7411,0.5
7412,0.5
7413,0.5
7414,0.5
7415,0.5
7416,0.5
7417,0.5
7418,0.5
7419,0.5
7420,0.5
7421,0.5
7422,0.5
7423,0.5
7424,0.5
7425,0.5
7426,0.5
7427,0.5
7428,0.5
7429,0.5
7430,0.5
7431,0.5
7432,0.5
7433,0.5
7434,0.5
7435,0.5
7436,0.5
7437,0.5
7438,0.5
7439,0.5
7440,0.5
7441,0.5
7442,0.5
7443,0.5
7444,0.5
7445,0.5
7446,0.5
7447,0.5
7448,0.5
7449,0.5
7450,0.5
7451,0.5
7452,0.5
7453,0.5
7454,0.5
7455,0.5
7456,0.5
7457,0.5
7458,0.5
7459,0.5
7460,0.5
7461,0.5
7462,0.5
7463,0.5
7464,0.5
7465,0.5
7466,0.5
7467,0.5
7468,0.5
7469,0.5
7470,0.5
7471,0.5
7472,0.5
7473,0.5
7474,0.5
7475,0.5
7476,0.5
7477,0.5
7478,0.5
7479,0.5
7480,0.5
7481,0.5
7482,0.5
7483,0.5
7484,0.5
7485,0.5
7486,0.5
7487,0.5
7488,0.5
7489,0.5
7490,0.5
7491,0.5
7492,0.5
7493,0.5
7494,0.5
7495,0.5
7496,0.5
7497,0.5
7498,0.5
7499,0.5
7500,0.5
7501,0.5
7502,0.5
7503,0.5
7504,0.5
7505,0.5
7506,0.5
7507,0.5
7508,0.5
7509,0.5
7510,0.5
7511,0.5
7512,0.5
7513,0.5
7514,0.5
7515,0.5
7516,0.5
7517,0.5
7518,0.5
7519,0.5
7520,0.5
7521,0.5
7522,0.5
7523,0.5
7524,0.5
7525,0.5
7526,0.5
7527,0.5
7528,0.5
7529,0.5
7530,0.5
7531,0.5
7532,0.5
7533,0.5
7534,0.5
7535,0.5
7536,0.5
7537,0.5
7538,0.5
7539,0.5
7540,0.5
7541,0.5
7542,0.5
7543,0.5
7544,0.5
7545,0.5
7546,0.5
7547,0.5
7548,0.5
7549,0.5
7550,0.5
7551,0.5
7552,0.5
7553,0.5
7554,0.5
7555,0.5
7556,0.5
7557,0.5
7558,0.5
7559,0.5
7560,0.5
7561,0.5
7562,0.5
7563,0.5
7564,0.5
7565,0.5
7566,0.5
7567,0.5
7568,0.5
7569,0.5
7570,0.5
7571,0.5
7572,0.5
7573,0.5
7574,0.5
7575,0.5
7576,0.5
7577,0.5
7578,0.5
7579,0.5
7580,0.5
7581,0.5
7582,0.5
7583,0.5
7584,0.5
7585,0.5
7586,0.5
7587,0.5
7588,0.5
7589,0.5
7590,0.5
7591,0.5
7592,0.5
7593,0.5
7594,0.5
7595,0.5
7596,0.5
7597,0.5
7598,0.5
7599,0.5
7600,0.5
7601,0.5
7602,0.5
7603,0.5
7604,0.5
7605,0.5
7606,0.5
7607,0.5
7608,0.5
7609,0.5
7610,0.5
7611,0.5
7612,0.5
7613,0.5
7614,0.5
7615,0.5
7616,0.5
7617,0.5
7618,0.5
7619,0.5
7620,0.5
7621,0.5
7622,0.5
7623,0.5
7624,0.5
7625,0.5
7626,0.5
7627,0.5
7628,0.5
7629,0.5
7630,0.5
7631,0.5
7632,0.5
7633,0.5
7634,0.5
7635,0.5
7636,0.5
7637,0.5
7638,0.5
7639,0.5
7640,0.5
7641,0.5
7642,0.5
7643,0.5
7644,0.5
7645,0.5
7646,0.5
7647,0.5
7648,0.5
7649,0.5
7650,0.5
7651,0.5
7652,0.5
7653,0.5
7654,0.5
7655,0.5
7656,0.5
7657,0.5
7658,0.5
7659,0.5
7660,0.5
7661,0.5
7662,0.5
7663,0.5
7664,0.5
7665,0.5
7666,0.5
7667,0.5
7668,0.5
7669,0.5
7670,0.5
7671,0.5
7672,0.5
7673,0.5
7674,0.5
7675,0.5
7676,0.5
7677,0.5
7678,0.5
7679,0.5
7680,0.5
7681,0.5
7682,0.5
7683,0.5
7684,0.5
7685,0.5
7686,0.5
7687,0.5
7688,0.5
7689,0.5
7690,0.5
7691,0.5
7692,0.5
7693,0.5
7694,0.5
7695,0.5
7696,0.5
7697,0.5
7698,0.5
7699,0.5
7700,0.5
7701,0.5
7702,0.5
7703,0.5
7704,0.5
7705,0.5
7706,0.5
7707,0.5
7708,0.5
7709,0.5
7710,0.5
7711,0.5
7712,0.5
7713,0.5
7714,0.5
7715,0.5
7716,0.5
7717,0.5
7718,0.5
7719,0.5
7720,0.5
7721,0.5
7722,0.5
7723,0.5
7724,0.5
7725,0.5
7726,0.5
7727,0.5
7728,0.5
7729,0.5
7730,0.5
7731,0.5
7732,0.5
7733,0.5
7734,0.5
7735,0.5
7736,0.5
7737,0.5
7738,0.5
7739,0.5
7740,0.5
7741,0.5
7742,0.5
7743,0.5
7744,0.5
7745,0.5
7746,0.5
7747,0.5
7748,0.5
7749,0.5
7750,0.5
7751,0.5
7752,0.5
7753,0.5
7754,0.5
7755,0.5
7756,0.5
7757,0.5
7758,0.5
7759,0.5
7760,0.5
7761,0.5
7762,0.5
7763,0.5
7764,0.5
7765,0.5
7766,0.5
7767,0.5
7768,0.5
7769,0.5
7770,0.5
7771,0.5
7772,0.5
7773,0.5
7774,0.5
7775,0.5
7776,0.5
7777,0.5
7778,0.5
7779,0.5
7780,0.5
7781,0.5
7782,0.5
7783,0.5
7784,0.5
7785,0.5
7786,0.5
7787,0.5
7788,0.5
7789,0.5
7790,0.5
7791,0.5
7792,0.5
7793,0.5
7794,0.5
7795,0.5
7796,0.5
7797,0.5
7798,0.5
7799,0.5
7800,0.5
7801,0.5
7802,0.5
7803,0.5
7804,0.5
7805,0.5
7806,0.5
7807,0.5
7808,0.5
7809,0.5
7810,0.5
7811,0.5
7812,0.5
7813,0.5
7814,0.5
7815,0.5
7816,0.5
7817,0.5
7818,0.5
7819,0.5
7820,0.5
7821,0.5
7822,0.5
7823,0.5
7824,0.5
7825,0.5
7826,0.5
7827,0.5
7828,0.5
7829,0.5
7830,0.5
7831,0.5
7832,0.5
7833,0.5
7834,0.5
7835,0.5
7836,0.5
7837,0.5
7838,0.5
7839,0.5
7840,0.5
7841,0.5
7842,0.5
7843,0.5
7844,0.5
7845,0.5
7846,0.5
7847,0.5
7848,0.5
7849,0.5
7850,0.5
7851,0.5
7852,0.5
7853,0.5
7854,0.5
7855,0.5
7856,0.5
7857,0.5
7858,0.5
7859,0.5
7860,0.5
7861,0.5
7862,0.5
7863,0.5
7864,0.5
7865,0.5
7866,0.5
7867,0.5
7868,0.5
7869,0.5
7870,0.5
7871,0.5
7872,0.5
7873,0.5
7874,0.5
7875,0.5
7876,0.5
7877,0.5
7878,0.5
7879,0.5
7880,0.5
7881,0.5
7882,0.5
7883,0.5
7884,0.5
7885,0.5
7886,0.5
7887,0.5
7888,0.5
7889,0.5
7890,0.5
7891,0.5
7892,0.5
7893,0.5
7894,0.5
7895,0.5
7896,0.5
7897,0.5
7898,0.5
7899,0.5
7900,0.5
7901,0.5
7902,0.5
7903,0.5
7904,0.5
7905,0.5
7906,0.5
7907,0.5
7908,0.5
7909,0.5
7910,0.5
7911,0.5
7912,0.5
7913,0.5
7914,0.5
7915,0.5
7916,0.5
7917,0.5
7918,0.5
7919,0.5
7920,0.5
7921,0.5
7922,0.5
7923,0.5
7924,0.5
7925,0.5
7926,0.5
7927,0.5
7928,0.5
7929,0.5
7930,0.5
7931,0.5
7932,0.5
7933,0.5
7934,0.5
7935,0.5
7936,0.5
7937,0.5
7938,0.5
7939,0.5
7940,0.5
7941,0.5
7942,0.5
7943,0.5
7944,0.5
7945,0.5
7946,0.5
7947,0.5
7948,0.5
7949,0.5
7950,0.5
7951,0.5
7952,0.5
7953,0.5
7954,0.5
7955,0.5
7956,0.5
7957,0.5
7958,0.5
7959,0.5
7960,0.5
7961,0.5
7962,0.5
7963,0.5
7964,0.5
7965,0.5
7966,0.5
7967,0.5
7968,0.5
7969,0.5
7970,0.5
7971,0.5
7972,0.5
7973,0.5
7974,0.5
7975,0.5
7976,0.5
7977,0.5
7978,0.5
7979,0.5
7980,0.5
7981,0.5
7982,0.5
7983,0.5
7984,0.5
7985,0.5
7986,0.5
7987,0.5
7988,0.5
7989,0.5
7990,0.5
7991,0.5
7992,0.5
7993,0.5
7994,0.5
7995,0.5
7996,0.5
7997,0.5
7998,0.5
7999,0.5
8000,0.5
8001,0.5
8002,0.5
8003,0.5
8004,0.5
8005,0.5
8006,0.5
8007,0.5
8008,0.5
8009,0.5
8010,0.5
8011,0.5
8012,0.5
8013,0.5
8014,0.5
8015,0.5
8016,0.5
8017,0.5
8018,0.5
8019,0.5
8020,0.5
8021,0.5
8022,0.5
8023,0.5
8024,0.5
8025,0.5
8026,0.5
8027,0.5
8028,0.5
8029,0.5
8030,0.5
8031,0.5
8032,0.5
8033,0.5
8034,0.5
8035,0.5
8036,0.5
8037,0.5
8038,0.5
8039,0.5
8040,0.5
8041,0.5
8042,0.5
8043,0.5
8044,0.5
8045,0.5
8046,0.5
8047,0.5
8048,0.5
8049,0.5
8050,0.5
8051,0.5
8052,0.5
8053,0.5
8054,0.5
8055,0.5
8056,0.5
8057,0.5
8058,0.5
8059,0.5
8060,0.5
8061,0.5
8062,0.5
8063,0.5
8064,0.5
8065,0.5
8066,0.5
8067,0.5
8068,0.5
8069,0.5
8070,0.5
8071,0.5
8072,0.5
8073,0.5
8074,0.5
8075,0.5
8076,0.5
8077,0.5
8078,0.5
8079,0.5
8080,0.5
8081,0.5
8082,0.5
8083,0.5
8084,0.5
8085,0.5
8086,0.5
8087,0.5
8088,0.5
8089,0.5
8090,0.5
8091,0.5
8092,0.5
8093,0.5
8094,0.5
8095,0.5
8096,0.5
8097,0.5
8098,0.5
8099,0.5
8100,0.5
8101,0.5
8102,0.5
8103,0.5
8104,0.5
8105,0.5
8106,0.5
8107,0.5
8108,0.5
8109,0.5
8110,0.5
8111,0.5
8112,0.5
8113,0.5
8114,0.5
8115,0.5
8116,0.5
8117,0.5
8118,0.5
8119,0.5
8120,0.5
8121,0.5
8122,0.5
8123,0.5
8124,0.5
8125,0.5
8126,0.5
8127,0.5
8128,0.5
8129,0.5
8130,0.5
8131,0.5
8132,0.5
8133,0.5
8134,0.5
8135,0.5
8136,0.5
8137,0.5
8138,0.5
8139,0.5
8140,0.5
8141,0.5
8142,0.5
8143,0.5
8144,0.5
8145,0.5
8146,0.5
8147,0.5
8148,0.5
8149,0.5
8150,0.5
8151,0.5
8152,0.5
8153,0.5
8154,0.5
8155,0.5
8156,0.5
8157,0.5
8158,0.5
8159,0.5
8160,0.5
8161,0.5
8162,0.5
8163,0.5
8164,0.5
8165,0.5
8166,0.5
8167,0.5
8168,0.5
8169,0.5
8170,0.5
8171,0.5
8172,0.5
8173,0.5
8174,0.5
8175,0.5
8176,0.5
8177,0.5
8178,0.5
8179,0.5
8180,0.5
8181,0.5
8182,0.5
8183,0.5
8184,0.5
8185,0.5
8186,0.5
8187,0.5
8188,0.5
8189,0.5
8190,0.5
8191,0.5
8192,0.5
8193,0.5
8194,0.5
8195,0.5
8196,0.5
8197,0.5
8198,0.5
8199,0.5
8200,0.5
8201,0.5
8202,0.5
8203,0.5
8204,0.5
8205,0.5
8206,0.5
8207,0.5
8208,0.5
8209,0.5
8210,0.5
8211,0.5
8212,0.5
8213,0.5
8214,0.5
8215,0.5
8216,0.5
8217,0.5
8218,0.5
8219,0.5
8220,0.5
8221,0.5
8222,0.5
8223,0.5
8224,0.5
8225,0.5
8226,0.5
8227,0.5
8228,0.5
8229,0.5
8230,0.5
8231,0.5
8232,0.5
8233,0.5
8234,0.5
8235,0.5
8236,0.5
8237,0.5
8238,0.5
8239,0.5
8240,0.5
8241,0.5
8242,0.5
8243,0.5
8244,0.5
8245,0.5
8246,0.5
8247,0.5
8248,0.5
8249,0.5
8250,0.5
8251,0.5
8252,0.5
8253,0.5
8254,0.5
8255,0.5
8256,0.5
8257,0.5
8258,0.5
8259,0.5
8260,0.5
8261,0.5
8262,0.5
8263,0.5
8264,0.5
8265,0.5
8266,0.5
8267,0.5
8268,0.5
8269,0.5
8270,0.5
8271,0.5
8272,0.5
8273,0.5
8274,0.5
8275,0.5
8276,0.5
8277,0.5
8278,0.5
8279,0.5
8280,0.5
8281,0.5
8282,0.5
8283,0.5
8284,0.5
8285,0.5
8286,0.5
8287,0.5
8288,0.5
8289,0.5
8290,0.5
8291,0.5
8292,0.5
8293,0.5
8294,0.5
8295,0.5
8296,0.5
8297,0.5
8298,0.5
8299,0.5
8300,0.5
8301,0.5
8302,0.5
8303,0.5
8304,0.5
8305,0.5
8306,0.5
8307,0.5
8308,0.5
8309,0.5
8310,0.5
8311,0.5
8312,0.5
8313,0.5
8314,0.5
8315,0.5
8316,0.5
8317,0.5
8318,0.5
8319,0.5
8320,0.5
8321,0.5
8322,0.5
8323,0.5
8324,0.5
8325,0.5
8326,0.5
8327,0.5
8328,0.5
8329,0.5
8330,0.5
8331,0.5
8332,0.5
8333,0.5
8334,0.5
8335,0.5
8336,0.5
8337,0.5
8338,0.5
8339,0.5
8340,0.5
8341,0.5
8342,0.5
8343,0.5
8344,0.5
8345,0.5
8346,0.5
8347,0.5
8348,0.5
8349,0.5
8350,0.5
8351,0.5
8352,0.5
8353,0.5
8354,0.5
8355,0.5
8356,0.5
8357,0.5
8358,0.5
8359,0.5
8360,0.5
8361,0.5
8362,0.5
8363,0.5
8364,0.5
8365,0.5
8366,0.5
8367,0.5
8368,0.5
8369,0.5
8370,0.5
8371,0.5
8372,0.5
8373,0.5
8374,0.5
8375,0.5
8376,0.5
8377,0.5
8378,0.5
8379,0.5
8380,0.5
8381,0.5
8382,0.5
8383,0.5
8384,0.5
